[
    {

        "missed_reason": null,
        "billing_details": null,
        "fulfillment_option": "in_person",
        "id": 225560129,
        "total_price": 17.4,
        "sub_total_price": 15.5,
        "tax_value": 1.74,
        "persons": 0,
        "latitude": "38.34219947959971",
        "longitude": "-0.5083007288360641",
        "client_first_name": "Aixa",
        "client_last_name": "Atienza",
        "client_email": "atienzaaixa@gmail.com",
        "client_phone": "+34687699533",
        "restaurant_name": "Umbrella Sociedad de hamburguesas",
        "currency": "EUR",
        "type": "delivery",
        "status": "pedido",
        "source": "mobile_web",
        "pin_skipped": false,
        "accepted_at": "2021-01-27T19:00:26.000Z",
        "tax_type": "GROSS",
        "tax_name": "IVA",
        "fulfill_at": "2021-01-27T19:45:00.000Z",
        "client_language": "es",
        "integration_payment_provider": null,
        "integration_payment_amount": 0,
        "reference": null,
        "restaurant_id": 282367,
        "client_id": 21701234,
        "updated_at": "2021-01-27T19:00:26.000Z",
        "restaurant_phone": "+34689650203",
        "restaurant_timezone": "Europe/Madrid",
        "card_type": null,
        "used_payment_methods": [
            "CASH"
        ],
        "company_account_id": 1028152,
        "pos_system_id": 31177,
        "restaurant_key": "lw10ZFoDxI48ynbDXR",
        "restaurant_country": "Spain",
        "restaurant_city": "Alicante",
        "restaurant_zipcode": "03015",
        "restaurant_street": "carrer de acceso al castillo santa barbara",
        "restaurant_latitude": "38.34921590705273",
        "restaurant_longitude": "-0.47735298332825415",
        "client_marketing_consent": true,
        "restaurant_token": "HmoS9i1QJsFlyrJmHs",
        "gateway_transaction_id": null,
        "gateway_type": null,
        "api_version": 2,
        "payment": "CASH",
        "for_later": true,
        "client_address": "Calle Orión 20 2 i 23, 03007, Alicante",
        "client_address_parts": {
            "street": "Calle Orión 20 2 i 23",
            "city": "Alicante",
            "zipcode": "03007"
        },
        "app": "GloriaFood",
        "group": 0,
        "repartido": 0
    },
    {
        "missed_reason": null,
        "billing_details": null,
        "fulfillment_option": "in_person",
        "id": 225175792,
        "total_price": 27.5,
        "sub_total_price": 25.6,
        "tax_value": 2.66,
        "persons": 0,
        "latitude": "38.34643691876755",
        "longitude": "-0.5112965067027209",
        "client_first_name": "Celia",
        "client_last_name": "García Quesada",
        "client_email": "celia.garcia.quesada5@gmail.com",
        "client_phone": "+34680185498",
        "restaurant_name": "Umbrella Sociedad de hamburguesas",
        "currency": "EUR",
        "type": "delivery",
        "status": "pedido",
        "source": "mobile_web",
        "pin_skipped": false,
        "accepted_at": "2021-01-27T19:00:32.000Z",
        "tax_type": "GROSS",
        "tax_name": "IVA",
        "fulfill_at": "2021-01-27T20:15:00.000Z",
        "client_language": "es",
        "integration_payment_provider": null,
        "integration_payment_amount": 0,
        "reference": null,
        "restaurant_id": 282367,
        "client_id": 21723140,
        "updated_at": "2021-01-27T19:00:32.000Z",
        "restaurant_phone": "+34689650203",
        "restaurant_timezone": "Europe/Madrid",
        "card_type": null,
        "used_payment_methods": [
            "CARD"
        ],
        "company_account_id": 1028152,
        "pos_system_id": 31177,
        "restaurant_key": "lw10ZFoDxI48ynbDXR",
        "restaurant_country": "Spain",
        "restaurant_city": "Alicante",
        "restaurant_zipcode": "03015",
        "restaurant_street": "carrer de acceso al castillo santa barbara",
        "restaurant_latitude": "38.34921590705273",
        "restaurant_longitude": "-0.47735298332825415",
        "client_marketing_consent": true,
        "restaurant_token": "HmoS9i1QJsFlyrJmHs",
        "gateway_transaction_id": null,
        "gateway_type": null,
        "api_version": 2,
        "payment": "CARD",
        "for_later": true,
        "client_address": "Calle Antares, 29 3B, En la puerta hay un vado, 03006, Alicante",
        "client_address_parts": {
            "street": "Calle Antares, 29 3B",
            "city": "Alicante",
            "zipcode": "03006",
            "more_address": "En la puerta hay un vado"
        },
        "app": "GloriaFood",
        "group": 0,
        "repartido": 0
    },
    {
        "missed_reason": null,
        "billing_details": null,
        "fulfillment_option": "in_person",
        "id": 225595201,
        "total_price": 22.6,
        "sub_total_price": 19.1,
        "tax_value": 2.35,
        "persons": 0,
        "latitude": 0,
        "longitude": 0,
        "client_first_name": "Álvaro de",
        "client_last_name": "Rodriguez",
        "client_email": "alvarodjr96@gmail.com",
        "client_phone": "+34676143220",
        "restaurant_name": "Umbrella Sociedad de hamburguesas",
        "currency": "EUR",
        "type": "delivery",
        "status": "pedido",
        "source": "mobile_web",
        "pin_skipped": true,
        "accepted_at": "2021-01-27T19:00:40.000Z",
        "tax_type": "GROSS",
        "tax_name": "IVA",
        "fulfill_at": "2021-01-27T20:45:00.000Z",
        "client_language": "es",
        "integration_payment_provider": null,
        "integration_payment_amount": 0,
        "reference": null,
        "restaurant_id": 282367,
        "client_id": 19990256,
        "updated_at": "2021-01-27T19:00:40.000Z",
        "restaurant_phone": "+34689650203",
        "restaurant_timezone": "Europe/Madrid",
        "card_type": "visa",
        "used_payment_methods": [
            "ONLINE"
        ],
        "company_account_id": 1028152,
        "pos_system_id": 31177,
        "restaurant_key": "lw10ZFoDxI48ynbDXR",
        "restaurant_country": "Spain",
        "restaurant_city": "Alicante",
        "restaurant_zipcode": "03015",
        "restaurant_street": "carrer de acceso al castillo santa barbara",
        "restaurant_latitude": "38.34921590705273",
        "restaurant_longitude": "-0.47735298332825415",
        "client_marketing_consent": true,
        "restaurant_token": "HmoS9i1QJsFlyrJmHs",
        "gateway_transaction_id": "pi_1IEIwWAfZJzOdleC0Kg4RQsP",
        "gateway_type": "ONLINE",
        "api_version": 2,
        "payment": "ONLINE",
        "for_later": true,
        "client_address": "calle Rector, 10, puerta 9, 03690, San Vicente del Raspeig",
        "client_address_parts": {
            "street": "calle Rector, 10, puerta 9",
            "city": "San Vicente del Raspeig",
            "zipcode": "03690"
        },
        "app": "GloriaFood",
        "group": 0,
        "repartido": 0
    },
    {
        "missed_reason": null,
        "billing_details": null,
        "fulfillment_option": "in_person",
        "id": 225457663,
        "total_price": 34.5,
        "sub_total_price": 30.6,
        "tax_value": 3.46,
        "persons": 0,
        "latitude": "38.395477840819154",
        "longitude": "-0.5139114986430671",
        "client_first_name": "Mariano",
        "client_last_name": "Cantero",
        "client_email": "marianincm1@gmail.com",
        "client_phone": "+34647821160",
        "restaurant_name": "Umbrella Sociedad de hamburguesas",
        "currency": "EUR",
        "type": "delivery",
        "status": "pedido",
        "source": "mobile_web",
        "pin_skipped": false,
        "accepted_at": "2021-01-27T19:30:45.000Z",
        "tax_type": "GROSS",
        "tax_name": "IVA",
        "fulfill_at": "2021-01-27T20:20:45.000Z",
        "client_language": "es",
        "integration_payment_provider": null,
        "integration_payment_amount": 0,
        "reference": null,
        "restaurant_id": 282367,
        "client_id": 21721494,
        "updated_at": "2021-01-27T19:30:45.000Z",
        "restaurant_phone": "+34689650203",
        "restaurant_timezone": "Europe/Madrid",
        "card_type": null,
        "used_payment_methods": [
            "CASH"
        ],
        "company_account_id": 1028152,
        "pos_system_id": 31177,
        "restaurant_key": "lw10ZFoDxI48ynbDXR",
        "restaurant_country": "Spain",
        "restaurant_city": "Alicante",
        "restaurant_zipcode": "03015",
        "restaurant_street": "carrer de acceso al castillo santa barbara",
        "restaurant_latitude": "38.34921590705273",
        "restaurant_longitude": "-0.47735298332825415",
        "client_marketing_consent": true,
        "restaurant_token": "HmoS9i1QJsFlyrJmHs",
        "gateway_transaction_id": null,
        "gateway_type": null,
        "api_version": 2,
        "payment": "CASH",
        "for_later": false,
        "client_address": "Avenida la almasera numero 24 piso 3H, En frente, 03690, San vicente del raspeig",
        "client_address_parts": {
            "street": "Avenida la almasera numero 24 piso 3H",
            "city": "San vicente del raspeig",
            "zipcode": "03690",
            "more_address": "En frente"
        },
        "app": "GloriaFood",
        "group": 0,
        "repartido": 0
    },
    {
        "missed_reason": null,
        "billing_details": null,
        "fulfillment_option": "in_person",
        "id": 225624100,
        "total_price": 34.4,
        "sub_total_price": 30.5,
        "tax_value": 3.45,
        "persons": 0,
        "latitude": 0,
        "longitude": 0,
        "client_first_name": "Pedro",
        "client_last_name": "Diaz Rodríguez",
        "client_email": "pedrodiazr@msn.com",
        "client_phone": "+34691660710",
        "restaurant_name": "Umbrella Sociedad de hamburguesas",
        "currency": "EUR",
        "type": "delivery",
        "status": "pedido",
        "source": "mobile_web",
        "pin_skipped": true,
        "accepted_at": "2021-01-27T19:35:28.000Z",
        "tax_type": "GROSS",
        "tax_name": "IVA",
        "fulfill_at": "2021-01-27T20:30:28.000Z",
        "client_language": "es",
        "integration_payment_provider": null,
        "integration_payment_amount": 0,
        "reference": null,
        "restaurant_id": 282367,
        "client_id": 21734924,
        "updated_at": "2021-01-27T19:35:28.000Z",
        "restaurant_phone": "+34689650203",
        "restaurant_timezone": "Europe/Madrid",
        "card_type": null,
        "used_payment_methods": [
            "CARD"
        ],
        "company_account_id": 1028152,
        "pos_system_id": 31177,
        "restaurant_key": "lw10ZFoDxI48ynbDXR",
        "restaurant_country": "Spain",
        "restaurant_city": "Alicante",
        "restaurant_zipcode": "03015",
        "restaurant_street": "carrer de acceso al castillo santa barbara",
        "restaurant_latitude": "38.34921590705273",
        "restaurant_longitude": "-0.47735298332825415",
        "client_marketing_consent": true,
        "restaurant_token": "HmoS9i1QJsFlyrJmHs",
        "gateway_transaction_id": null,
        "gateway_type": null,
        "api_version": 2,
        "payment": "CARD",
        "for_later": false,
        "client_address": "Calle osa menor 6 casa 76, 03110, Mutxamel",
        "client_address_parts": {
            "street": "Calle osa menor 6 casa 76",
            "city": "Mutxamel",
            "zipcode": "03110"
        },
        "app": "GloriaFood",
        "group": 0,
        "repartido": 0
    }
]